"","Sample1","Sample2","Sample3","Sample4","Sample5","Sample6","Sample7","Sample8","Sample9","Sample10","Sample11","Sample12","Sample13","Sample14","Sample15","Sample16","Sample17","Sample18","Sample19","Sample20","Sample21","Sample22","Sample23","Sample24","Sample25","Sample26"
"Ala",0.00048107,0.00010152,2.215e-05,0.0243871,0.00245199,0.00433986,0.00054157,0.00105402,0.02086167,0.00645242,0.00543613,0.01866496,0.00069401,0.00202663,0.00154552,0.02404616,0.00185927,0.00471471,0.02766506,0.0006729,0.02461228,0.00316801,0.0194883,0.00011119,0.00192467,0.01278794
"Asp",0.0073928,0.00967444,0.00897685,0.5557707,0.30890739,0.454006,0.01768232,0.01769003,0.03038491,0.46280416,0.46369822,0.55591427,0.01455958,0.01607049,0.01594296,0.03263494,0.30297921,0.46975653,0.54807799,0.01055373,0.55198065,0.33246161,0.0285831,0.02171128,0.02056878,0.02793166
"Glu",0.19428502,0.19307928,0.19952155,0.61506013,0.3384841,0.50229819,0.26966562,0.30932901,0.44079922,0.49892585,0.50410696,0.62167529,0.25593214,0.30081355,0.30633901,0.4512188,0.3428725,0.52144233,0.60005824,0.19626253,0.60742675,0.35898481,0.43539608,0.29617819,0.34300884,0.42827593
"Gly",0.00487354,0.00100584,0.00396152,0.00658747,0.00241185,0.00509302,0.00672561,0.00201208,0.00109898,0.00740537,0.00663305,0.00722102,0.00347773,0.00333252,0.00120018,0.00301722,0.00534595,0.00549648,0.008027,0,0.00983975,0.00352302,0.00590532,0.0067074,0.00107707,0.00208437
"Orn",0.0069852,0.01261349,0.00720981,0.04911467,0.0435446,0.09698974,0.00961616,0.01648972,0.03399835,0.13753656,0.13827126,0.11729842,0.01152975,0.01911986,0.01422338,0.03849566,0.04739105,0.07814151,0.05095484,0.01083409,0.08227469,0.0811284,0.02899834,0.01733696,0.02275568,0.04663462
"Pro",0.00075884,0.00120501,0.0024789,0.55406329,0.22453186,0.406625,0.04797444,0.09637057,0.26433948,0.42130564,0.423037,0.5582347,0.04342509,0.09169515,0.08873886,0.29047397,0.23652437,0.41900352,0.54480991,0.00096642,0.55059047,0.25817275,0.27129477,0.06604271,0.11903828,0.29908012
"Ser",0.00060078,0.00250581,0.00290562,0.00299694,0.0280588,0.00313974,0.00083867,0.00261983,0.00263212,0.00266816,0.00338598,0.0066125,0.00281598,0.00169897,0.00268017,0.00262038,0.00367494,0.00261424,0.00422412,0.00243742,0.00478619,0.00274818,0.00444807,0.0026726,0.00214912,0.00340723
